criminal_id,name,age,gender,crime_category,risk_level,face_embedding_id,national_id_number
252745,Person_871,35,Male,Theft,Medium,6198565,6829233837
581850,Person_566,18,Male,Fraud,Medium,9812789,3558372384
577025,Person_144,42,Male,Fraud,Medium,8997882,9756892631
908225,Person_555,28,Male,Fraud,Low,4323935,5011676891
283236,Person_261,24,Male,Murder,Medium,2513098,5823290991
839784,Person_168,62,Female,Theft,Critical,8954506,7229875672
512125,Person_812,47,Male,Drug Offense,High,8008913,2772622135
867514,Person_712,35,Female,Cybercrime,Low,4195709,5498332751
466725,Person_377,18,Female,Cybercrime,Low,1437825,7693348561
554572,Person_337,43,Male,Theft,Medium,5999273,7808238750
631486,Person_431,61,Female,Theft,Medium,2404900,9688020364
938882,Person_732,40,Male,Murder,Low,1229025,8316327286
215311,Person_619,43,Male,Fraud,Critical,8493592,1839180194
658787,Person_264,56,Female,Theft,Critical,3282752,3166648191
227204,Person_767,37,Male,Theft,Medium,1790940,7263753742
184047,Person_825,40,Male,Theft,Low,8407703,2787693692
872497,Person_679,27,Female,Theft,Low,5927751,9999972954
578093,Person_680,27,Male,Drug Offense,Medium,3855521,7724594724
376212,Person_832,64,Male,Fraud,High,2946222,8878472589
150213,Person_332,65,Female,Murder,Low,1238164,1381940007
790818,Person_580,58,Male,Fraud,High,9566833,3050686398
778953,Person_604,21,Female,Theft,Low,4083608,6294292286
314418,Person_811,18,Male,Murder,High,6385251,2288732212
451640,Person_413,37,Female,Drug Offense,Medium,6461135,1379108969
340863,Person_451,56,Male,Murder,Critical,2374042,5671137005
424435,Person_718,31,Female,Cybercrime,Medium,2858307,1068430382
979655,Person_631,28,Female,Drug Offense,Low,8407288,9482755588
905325,Person_107,23,Female,Theft,Critical,7400631,1666206970
313772,Person_546,29,Male,Cybercrime,High,4649325,9387373112
287129,Person_509,43,Female,Cybercrime,Low,5464843,3230720497
247672,Person_153,60,Female,Theft,High,3008179,7942551282
297756,Person_479,31,Male,Fraud,Low,8824521,8896818691
463860,Person_140,34,Female,Drug Offense,Low,2245930,2526965394
488038,Person_771,34,Female,Drug Offense,High,9955886,7002922784
756745,Person_432,28,Male,Murder,High,9275771,8618461911
529594,Person_732,44,Male,Fraud,Low,9902103,1908012919
975423,Person_178,33,Male,Theft,High,9095435,6733699556
321075,Person_807,20,Female,Fraud,High,6755247,3989080637
522646,Person_621,36,Male,Cybercrime,High,4916151,7027619506
583507,Person_140,18,Female,Theft,Low,5621571,7991886982
682378,Person_590,52,Female,Drug Offense,Low,9318373,9202174180
389175,Person_286,23,Male,Fraud,Medium,9886230,5661362608
930814,Person_726,63,Male,Fraud,Low,7635055,2745961391
957754,Person_926,54,Female,Murder,Low,8547634,4801728676
493319,Person_395,45,Male,Fraud,High,4318667,8709088759
268214,Person_600,58,Male,Fraud,Medium,4440986,6525462516
998087,Person_109,19,Female,Theft,Medium,3399236,4238816838
780046,Person_948,48,Male,Fraud,High,5979394,6963746394
769469,Person_498,54,Female,Theft,Medium,1540295,1250305703
230121,Person_620,45,Female,Fraud,Medium,1340615,1486972207
289422,Person_328,60,Female,Cybercrime,High,9709170,4182939811
105919,Person_730,48,Female,Cybercrime,High,7840644,2195715225
732041,Person_532,32,Female,Theft,High,1569495,8027935850
514728,Person_876,63,Female,Fraud,High,8352810,8314527298
254774,Person_738,56,Female,Cybercrime,Low,2284723,2681369234
911074,Person_634,43,Male,Murder,High,1833138,9760229812
992860,Person_194,51,Female,Cybercrime,Low,6840989,8799954828
693659,Person_422,59,Female,Cybercrime,High,2715305,2001937761
270435,Person_347,39,Male,Fraud,Critical,8854110,5903404517
301998,Person_461,60,Male,Murder,Medium,5765719,9189346117
275127,Person_406,53,Female,Drug Offense,High,1513899,8691652389
982035,Person_737,42,Female,Fraud,High,9651656,4154904317
127404,Person_826,51,Female,Murder,High,5643927,6905532827
798043,Person_221,55,Male,Murder,Low,2373527,3005112827
348748,Person_305,28,Male,Drug Offense,Critical,8626752,7838902141
569963,Person_173,43,Male,Cybercrime,Critical,8417022,7778462111
938234,Person_662,64,Male,Drug Offense,Medium,2167059,9696282669
768781,Person_564,54,Male,Cybercrime,Low,1586414,4215057738
506491,Person_637,24,Male,Cybercrime,Critical,2713740,2253189034
232765,Person_726,39,Male,Fraud,Medium,1841552,2799668790
754177,Person_857,59,Female,Cybercrime,Critical,2550979,8422834913
680860,Person_589,57,Female,Murder,Critical,1652628,7671693833
893626,Person_870,54,Male,Theft,High,4105696,8255747056
155005,Person_941,18,Male,Fraud,Medium,4550668,2334711646
738687,Person_173,27,Male,Drug Offense,High,2683336,7803322465
359093,Person_733,59,Male,Theft,Critical,6553808,4296184395
852147,Person_452,43,Male,Drug Offense,High,4731488,8515960418
748895,Person_857,37,Male,Theft,Critical,7318158,1498379644
912599,Person_134,39,Female,Drug Offense,Medium,8664110,9794457553
631746,Person_272,24,Male,Cybercrime,Low,6040446,7562823094
848623,Person_804,30,Male,Cybercrime,Medium,4588190,2931822317
403935,Person_217,47,Male,Fraud,Medium,8208583,7281357463
823266,Person_813,45,Female,Drug Offense,High,9315496,5578762168
719052,Person_479,42,Male,Theft,Medium,2207413,3235410371
455168,Person_437,30,Male,Drug Offense,Critical,9283714,5463597109
653836,Person_877,40,Female,Theft,Low,1618567,6045282548
814932,Person_115,54,Female,Cybercrime,Low,8457731,9670430818
459942,Person_487,30,Male,Cybercrime,Medium,2790280,9586006660
668831,Person_932,57,Male,Theft,Low,6295603,3604539043
995663,Person_547,29,Female,Murder,Low,5502295,6971807296
480631,Person_925,19,Male,Cybercrime,High,5894019,6422357470
607053,Person_510,59,Female,Murder,Low,5161736,8397053080
521250,Person_534,49,Male,Theft,Medium,3381541,3330418165
898492,Person_981,22,Male,Murder,Low,7590938,7509845660
164952,Person_864,56,Female,Fraud,Medium,7393975,9998984076
953350,Person_124,31,Female,Fraud,Medium,2204169,6850399967
206244,Person_923,30,Male,Cybercrime,Medium,4187451,9109870939
414467,Person_744,37,Male,Cybercrime,Critical,8614736,5826038821
783154,Person_596,43,Female,Murder,Medium,8942499,9010852999
555562,Person_954,31,Female,Fraud,Critical,3177025,3498471253
364799,Person_653,52,Female,Drug Offense,Low,4023905,4326412033
351445,Person_230,18,Female,Cybercrime,Critical,8378018,9096203618
988534,Person_325,35,Female,Cybercrime,Medium,9884523,1385265154
964019,Person_825,24,Female,Drug Offense,Medium,2926807,2996363277
841236,Person_931,58,Female,Theft,High,5782965,1219485123
849463,Person_919,52,Male,Drug Offense,Medium,7887857,2526243309
558678,Person_646,35,Male,Drug Offense,Critical,8694354,3126871073
904213,Person_111,28,Male,Cybercrime,Medium,5186766,5379086164
638526,Person_297,58,Female,Theft,Low,5597701,7255107400
940023,Person_695,33,Female,Murder,Low,4452797,6228878246
617453,Person_274,33,Female,Murder,Low,2442790,4382652439
710988,Person_318,48,Female,Theft,High,4151175,3555902704
366558,Person_331,21,Female,Theft,Low,8348368,9422608879
254338,Person_936,56,Male,Fraud,Low,3342998,1833590600
161047,Person_898,37,Male,Theft,Low,9806052,3403244050
808811,Person_631,57,Male,Fraud,Critical,2523578,7114825194
713786,Person_331,21,Female,Drug Offense,Medium,4430272,3210638013
442630,Person_138,20,Male,Fraud,High,4507707,1778635047
272705,Person_853,50,Female,Cybercrime,Medium,1885933,3808992982
157237,Person_218,59,Female,Theft,Critical,9092589,9692100061
